{
    "sx": 1.013239795534939,
    "sy": 1.0079398806173785,
    "tx": -2.920848274917704,
    "ty": 0.2119493065009315
}